date,user,indicator_type,indicator,label,tweetlink
2022-03-31 10:50:54,drb_ra,ip,81.70.242.26,#CobaltStrike,https://twitter.com/drb_ra/status/1509483366588063764
2022-03-31 10:51:15,drb_ra,ip,106.55.170.153,#CobaltStrike,https://twitter.com/drb_ra/status/1509483454697721865
2022-03-31 10:51:24,drb_ra,ip,101.43.208.122,#CobaltStrike,https://twitter.com/drb_ra/status/1509483492266160132
2022-03-31 10:51:25,ecarlesi,url,http://secureivlin.com/,#phishing,https://twitter.com/ecarlesi/status/1509483500155686918
2022-03-31 10:51:25,ecarlesi,url,https://secureaib-support.com/,#phishing,https://twitter.com/ecarlesi/status/1509483497391595527
2022-03-31 10:52:31,malwrhunterteam,ip,47.106.220.187,,https://twitter.com/malwrhunterteam/status/1509483775788564483
2022-03-31 10:54:29,ecarlesi,url,http://securefline.com/login.php,#phishing,https://twitter.com/ecarlesi/status/1509484271303544834
2022-03-31 10:55:05,3xp0rtblog,domain,panelss.xyz,#malware,https://twitter.com/3xp0rtblog/status/1509484419354144774
2022-03-31 11:00:49,ecarlesi,url,http://vertifica-dispositivo.com/,#phishing,https://twitter.com/ecarlesi/status/1509485863700512773
2022-03-31 11:04:16,ecarlesi,url,http://nhsapplyfor-pass.com/,#phishing,https://twitter.com/ecarlesi/status/1509486733179731968
2022-03-31 11:06:06,ecarlesi,url,http://secureivlin.com/login.php,#phishing,https://twitter.com/ecarlesi/status/1509487194456666114
2022-03-31 11:06:06,ecarlesi,url,https://sinceriumus.com/seci6u5rt87u6ytg34erdfg76yt/,#phishing,https://twitter.com/ecarlesi/status/1509487192149827591
2022-03-31 11:08:08,ecarlesi,url,https://connectionchains.com/,#phishing,https://twitter.com/ecarlesi/status/1509487705008353284
2022-03-31 11:08:18,ecarlesi,url,https://connectionchains.com/index.htm,#phishing,https://twitter.com/ecarlesi/status/1509487748767436800
2022-03-31 11:08:31,kubotaa3,url,https://smbc.co.jp.dixiba.com/,#phishing,https://twitter.com/kubotaa3/status/1509487802895208461
2022-03-31 11:09:52,ecarlesi,url,https://repayment-ref7454.com/,#phishing,https://twitter.com/ecarlesi/status/1509488142482509829
2022-03-31 11:11:23,smica83,url,https://alliflaammeem.com/wp-content/plugins/netbankar/mkb/v3/index.php,#phishing,https://twitter.com/smica83/status/1509488524764008453
2022-03-31 11:18:06,ecarlesi,url,https://axielnfirnity.com,#phishing,https://twitter.com/ecarlesi/status/1509490214322184195
2022-03-31 11:25:50,kubotaa3,ip,149.57.198.12,#phishing,https://twitter.com/kubotaa3/status/1509492157786501123
2022-03-31 11:25:50,kubotaa3,url,https://www.visa.co.jp.dsdsdjf.xyz/,#phishing,https://twitter.com/kubotaa3/status/1509492157786501123
2022-03-31 11:28:18,__0XYC__,sha256,08334f25d72a312b962555d710cd8e7d60f28e75a85b2b15b9bed5c71bcf8c45,,https://twitter.com/__0XYC__/status/1509492778337718277
2022-03-31 11:28:18,__0XYC__,url,https://ncoc-update.app.link/order,,https://twitter.com/__0XYC__/status/1509492778337718277
2022-03-31 11:35:02,HeliosCert,sha256,c2ffd4b5dd3b46e4277c33c54ff8d5424aeee7288502dc4c8505739fba3101e3,#malware,https://twitter.com/HeliosCert/status/1509494476078788608
2022-03-31 11:35:54,AP_Zenmashi,ip,107.172.190.96,#phishing,https://twitter.com/AP_Zenmashi/status/1509494693658492933
2022-03-31 11:36:05,__0XYC__,sha256,50dfd84cc759c62b0b8830c585f45026ef66465e90b1ff3a77204c456660e971,,https://twitter.com/__0XYC__/status/1509494737044217865
2022-03-31 11:40:31,kubotaa3,url,https://id-connect-jp.mvcrbv.cn/,#phishing,https://twitter.com/kubotaa3/status/1509495854948052993
2022-03-31 11:40:31,kubotaa3,ip,104.223.15.233,#phishing,https://twitter.com/kubotaa3/status/1509495854948052993
2022-03-31 11:40:31,kubotaa3,url,https://aupay-pauone-jp.gzswlhls.com/,#phishing,https://twitter.com/kubotaa3/status/1509495854948052993
2022-03-31 11:40:31,kubotaa3,url,https://market-auone.cojnind.cn/,#phishing,https://twitter.com/kubotaa3/status/1509495854948052993
2022-03-31 11:40:31,kubotaa3,url,https://auto-market-jp.mobysnewt.com/,#phishing,https://twitter.com/kubotaa3/status/1509495854948052993
2022-03-31 11:47:20,ecarlesi,url,http://ca-linker.com/original/,#phishing,https://twitter.com/ecarlesi/status/1509497571001212934
2022-03-31 11:56:42,ecarlesi,url,https://bookmytest-kit.com/,#phishing,https://twitter.com/ecarlesi/status/1509499926530519045
2022-03-31 12:00:21,ScumBots,sha256,2b15cb9ae88ee3aa9a9fe8a27479a570062c8c31e0b28f264f0223412221fb93,,https://twitter.com/ScumBots/status/1509500845540450304
2022-03-31 12:00:21,ScumBots,ip,95.216.221.82,,https://twitter.com/ScumBots/status/1509500845540450304
2022-03-31 12:05:02,HeliosCert,sha256,8e780f8182804616530caea8cbf09ba1a73e040b0821535da7951062bc34eff8,#malware,https://twitter.com/HeliosCert/status/1509502026513846277
2022-03-31 12:05:02,HeliosCert,ip,1.165.210.184,#malware,https://twitter.com/HeliosCert/status/1509502026513846277
2022-03-31 12:12:35,ecarlesi,url,https://accueil-ameli.fr,#phishing,https://twitter.com/ecarlesi/status/1509503926013677572
2022-03-31 12:14:00,IntezerLabs,md5,eda8d43b2912eba1eb9379b66aa782cc,,https://twitter.com/IntezerLabs/status/1509504281250045959
2022-03-31 12:14:21,ecarlesi,url,https://krexng.com/krex.zip,#phishing,https://twitter.com/ecarlesi/status/1509504369271742479
2022-03-31 12:20:18,ecarlesi,url,https://reference7323.com/,#phishing,https://twitter.com/ecarlesi/status/1509505868437544962
2022-03-31 12:22:40,malwrhunterteam,sha256,9983d3e66ea37fcb890903af364c2489c33c541763e178c9c6763279503ec931,,https://twitter.com/malwrhunterteam/status/1509506461700960259
2022-03-31 12:22:40,malwrhunterteam,sha256,562cc6420812678baea08bd0d1f450d2d0185215911a72d59b4a727901e6b558,,https://twitter.com/malwrhunterteam/status/1509506461700960259
2022-03-31 12:30:02,HeliosCert,sha256,89f0d1195df4ff42f0d0ff7726474b2ad6a135cbc78f255ff89b19903459bc67,#malware,https://twitter.com/HeliosCert/status/1509508314597580800
2022-03-31 12:30:02,HeliosCert,ip,222.255.72.209,#malware,https://twitter.com/HeliosCert/status/1509508314597580800
2022-03-31 12:30:59,PhishStats,ip,156.38.224.35,#phishing,https://twitter.com/PhishStats/status/1509508555359100929
2022-03-31 12:30:59,PhishStats,url,http://dbsprivate.com/,#phishing,https://twitter.com/PhishStats/status/1509508555359100929
2022-03-31 12:33:49,ecarlesi,url,https://clients-boursorama-id.com,#phishing,https://twitter.com/ecarlesi/status/1509509266708828166
2022-03-31 12:35:02,HeliosCert,ip,197.210.85.112,#malware,https://twitter.com/HeliosCert/status/1509509573908041731
2022-03-31 12:35:02,HeliosCert,sha256,0bd60941229332da6a701443d9488421392a94e7e8703a0e134fcb02890fc173,#malware,https://twitter.com/HeliosCert/status/1509509573908041731
2022-03-31 12:40:02,HeliosCert,ip,222.209.60.75,#malware,https://twitter.com/HeliosCert/status/1509510832933289984
2022-03-31 12:40:02,HeliosCert,sha256,226d207ed915375e5362832096d12408684fe8c8dd3cb4f2f240e076f5e4c902,#malware,https://twitter.com/HeliosCert/status/1509510832933289984
2022-03-31 12:58:41,harugasumi,url,https://www.lgminpc.cn/jp,#phishing,https://twitter.com/harugasumi/status/1509515524468011012
2022-03-31 13:02:44,harugasumi,url,https://www.co.jp.lcwhfjm.cn/jp,#phishing,https://twitter.com/harugasumi/status/1509516545147699202
2022-03-31 13:05:02,HeliosCert,sha256,8cf103a52d5fa7c972440169177bbbc420548f9466916d867940261d33d2d5f3,#malware,https://twitter.com/HeliosCert/status/1509517125093933063
2022-03-31 13:05:02,HeliosCert,ip,103.83.198.10,#malware,https://twitter.com/HeliosCert/status/1509517125093933063
2022-03-31 13:05:02,HeliosCert,sha256,f3a7df1555f7ec02be382dbfa740843a436e8d2b33402365d8f94c803d67adc1,#malware,https://twitter.com/HeliosCert/status/1509517122619203588
2022-03-31 13:05:02,HeliosCert,ip,171.43.76.230,#malware,https://twitter.com/HeliosCert/status/1509517122619203588
2022-03-31 13:08:28,phishunt_io,url,https://imperialvalleycbdfarmers.com/microsoft/,#phishing #scam,https://twitter.com/phishunt_io/status/1509517986184548354
2022-03-31 13:08:28,phishunt_io,ip,162.241.120.159,#phishing #scam,https://twitter.com/phishunt_io/status/1509517986184548354
2022-03-31 13:08:42,AP_Zenmashi,url,https://anzam.co.ip.tournid.club,#phishing,https://twitter.com/AP_Zenmashi/status/1509518044946911235
2022-03-31 13:10:09,AP_Zenmashi,url,https://anzam.co.ip.tacthood.club,#phishing,https://twitter.com/AP_Zenmashi/status/1509518413663961102
2022-03-31 13:16:50,Srujank48668412,sha256,f6b2c58f9846adcb295edd3c8a5beaec31fff3bc98f6503d04e95be3f9f072e8,,https://twitter.com/Srujank48668412/status/1509520095068192780
2022-03-31 13:18:18,ShadowChasing1,md5,1a536709554860fcc2c147374556205d,,https://twitter.com/ShadowChasing1/status/1509520460974723072
2022-03-31 13:18:18,ShadowChasing1,url,http://xjowihgnxcvb.naveicoipf.online/acms/07rrwrwk/securitytemplate3?securityid=cbvkoweoigwk,,https://twitter.com/ShadowChasing1/status/1509520460974723072
2022-03-31 13:20:11,ecarlesi,url,https://block-new-user.com/iioyds/,#phishing,https://twitter.com/ecarlesi/status/1509520934948024320
2022-03-31 13:20:51,ecarlesi,url,https://block-new-user.com/iioyds/login.php,#phishing,https://twitter.com/ecarlesi/status/1509521102917222408
2022-03-31 13:21:10,ecarlesi,url,http://supportameli.com,#phishing,https://twitter.com/ecarlesi/status/1509521186023219210
2022-03-31 13:22:06,ecarlesi,url,http://biorankfarms.com/,#phishing,https://twitter.com/ecarlesi/status/1509521420354822144
2022-03-31 13:22:57,ecarlesi,url,http://lacartvital.com,#phishing,https://twitter.com/ecarlesi/status/1509521632406122502
2022-03-31 13:23:01,ecarlesi,url,https://vertifica-dispositivo.com/,#phishing,https://twitter.com/ecarlesi/status/1509521650768883714
2022-03-31 13:23:06,ecarlesi,url,http://biorankfarms.com/services/,#phishing,https://twitter.com/ecarlesi/status/1509521672600182785
2022-03-31 13:24:05,ecarlesi,url,http://biorankfarms.com/?p=31,#phishing,https://twitter.com/ecarlesi/status/1509521919531397120
2022-03-31 13:29:37,ecarlesi,url,https://openseasync.net/feed/,#phishing,https://twitter.com/ecarlesi/status/1509523310131916805
2022-03-31 13:30:02,HeliosCert,sha256,f2d804b9253a992121d095964ae963686bb18345f9d239a4ac4c7636835778d9,#malware,https://twitter.com/HeliosCert/status/1509523416767938571
2022-03-31 13:30:17,FromPorts,ip,185.102.170.155,#malware,https://twitter.com/FromPorts/status/1509523480164782084
2022-03-31 13:37:51,AP_Zenmashi,url,https://anzam.co.ip.sameory.club,#phishing,https://twitter.com/AP_Zenmashi/status/1509525381757681671
2022-03-31 13:41:41,ecarlesi,url,https://personal-bankingmanageportal.com/,#phishing,https://twitter.com/ecarlesi/status/1509526348338896904
2022-03-31 13:48:06,FromPorts,url,https://cert.br/,#malware,https://twitter.com/FromPorts/status/1509527961065517062
2022-03-31 13:48:06,FromPorts,url,https://conectatelecom.com.br/,#malware,https://twitter.com/FromPorts/status/1509527961065517062
2022-03-31 13:48:06,FromPorts,ip,177.70.124.27,#malware,https://twitter.com/FromPorts/status/1509527961065517062
2022-03-31 13:56:38,malwrhunterteam,sha256,99c7471abae117bed8a59138d634773302e132973abcfc8545c823d47be7869e,,https://twitter.com/malwrhunterteam/status/1509530108310142994
2022-03-31 13:56:38,malwrhunterteam,domain,d3kywcwj6soxab.cloudfront.net,,https://twitter.com/malwrhunterteam/status/1509530108310142994
2022-03-31 13:57:22,BushidoToken,url,http://45.67.230.64/wb.xml,,https://twitter.com/BushidoToken/status/1509530294101061649
2022-03-31 13:57:22,BushidoToken,url,http://45.67.230.64/kinsing,,https://twitter.com/BushidoToken/status/1509530294101061649
2022-03-31 13:57:22,BushidoToken,url,http://45.67.230.64/pg2.sh,,https://twitter.com/BushidoToken/status/1509530294101061649
2022-03-31 13:57:22,BushidoToken,url,http://45.67.230.64/pg.sh,,https://twitter.com/BushidoToken/status/1509530294101061649
2022-03-31 13:57:22,BushidoToken,ip,45.67.230.64,,https://twitter.com/BushidoToken/status/1509530294101061649
2022-03-31 13:57:25,James_inthe_box,url,https://api.telegram.org/bot1864790886,,https://twitter.com/James_inthe_box/status/1509530304750374922
2022-03-31 14:05:02,HeliosCert,ip,179.191.201.90,#malware,https://twitter.com/HeliosCert/status/1509532223308935169
2022-03-31 14:05:02,HeliosCert,sha256,24fc6b1bcd1f34876e7a4911006ca37b7d0940bcf920fc27acff24f341abe73a,#malware,https://twitter.com/HeliosCert/status/1509532223308935169
2022-03-31 14:05:43,AP_Zenmashi,url,https://jcaoss.co.jp-service-traniid-0001-0001m.zcwwogr.cn,#phishing,https://twitter.com/AP_Zenmashi/status/1509532394130354189
2022-03-31 14:05:43,AP_Zenmashi,ip,192.161.164.67,#phishing,https://twitter.com/AP_Zenmashi/status/1509532394130354189
2022-03-31 14:18:13,ecarlesi,url,https://365secureupdateb0i.com/,#phishing,https://twitter.com/ecarlesi/status/1509535542253346823
2022-03-31 14:18:56,ecarlesi,url,https://365secureupdateb0i.com/action/login.php,#phishing,https://twitter.com/ecarlesi/status/1509535722516135950
2022-03-31 14:20:12,ecarlesi,url,http://visserspreperridprocecscsings.com/verifieddb/verifieddb/,#phishing,https://twitter.com/ecarlesi/status/1509536038636908544
2022-03-31 14:25:24,ecarlesi,url,https://stsavingsweb.com/pan/login.php,#phishing,https://twitter.com/ecarlesi/status/1509537349067284484
2022-03-31 14:26:19,ecarlesi,url,http://viserpreppeidpproccessings.com/verifiedd/verifiedd/,#phishing,https://twitter.com/ecarlesi/status/1509537578227224577
2022-03-31 14:32:18,ecarlesi,url,http://365secureupdateb0i.com/,#phishing,https://twitter.com/ecarlesi/status/1509539086796787713
2022-03-31 14:35:25,harugasumi,url,https://www.santaanaautomalldr.com/jp,#phishing,https://twitter.com/harugasumi/status/1509539867705114635
2022-03-31 14:37:38,CsirtPost,url,https://le-site-web-de-post-luxambourg0.yolasite.com/,#phishing,https://twitter.com/CsirtPost/status/1509540426390327303
2022-03-31 14:40:03,HeliosCert,sha256,45dc680e9ed7309b8ee20abc6f1066944c35aac3d3f316611fde2b9375489b05,#malware,https://twitter.com/HeliosCert/status/1509541034304356371
2022-03-31 14:40:03,HeliosCert,ip,49.206.122.181,#malware,https://twitter.com/HeliosCert/status/1509541034304356371
2022-03-31 14:44:10,drb_ra,ip,8.142.71.238,#CobaltStrike,https://twitter.com/drb_ra/status/1509542073149673480
2022-03-31 14:45:02,HeliosCert,sha256,94ce462d7c19b6d675fb3f9db462dccc1c96fe7de7ace347b91f4115e8891326,#malware,https://twitter.com/HeliosCert/status/1509542289491775496
2022-03-31 14:45:02,HeliosCert,ip,27.66.222.111,#malware,https://twitter.com/HeliosCert/status/1509542289491775496
2022-03-31 14:45:13,drb_ra,ip,139.60.161.84,#CobaltStrike,https://twitter.com/drb_ra/status/1509542334635155459
2022-03-31 14:45:25,CsirtPost,url,https://avokadoapp.com/e3d1e2e2b2/myaccount-web/login/,#phishing,https://twitter.com/CsirtPost/status/1509542386157993996
2022-03-31 14:52:25,ecarlesi,url,https://quanticadev.com/grav-admin-v1.7.32.zip,#phishing,https://twitter.com/ecarlesi/status/1509544148906524676
2022-03-31 14:53:22,ecarlesi,url,https://ctthanhdathq.com/gioithieu33_congtyxaydungvinco_417dd2f047453f7b6381190420041203_archive.zip,#phishing,https://twitter.com/ecarlesi/status/1509544387444883461
2022-03-31 14:53:44,ecarlesi,url,https://tokenauthyprotocol.com,#phishing,https://twitter.com/ecarlesi/status/1509544481338634240
2022-03-31 14:55:49,JAMESWT_MHT,url,http://45.147.230.231/a/server.txt,,https://twitter.com/JAMESWT_MHT/status/1509545003445633028
2022-03-31 14:55:49,JAMESWT_MHT,ip,45.147.230.231,,https://twitter.com/JAMESWT_MHT/status/1509545003445633028
2022-03-31 14:55:49,JAMESWT_MHT,url,http://45.147.230.231/a/enc.txt,,https://twitter.com/JAMESWT_MHT/status/1509545003445633028
2022-03-31 14:58:34,500mk500,domain,naveicoiph.online,,https://twitter.com/500mk500/status/1509545696076120077
2022-03-31 14:58:34,500mk500,domain,naveicoipg.online,,https://twitter.com/500mk500/status/1509545696076120077
2022-03-31 14:58:34,500mk500,ip,2.57.90.16,,https://twitter.com/500mk500/status/1509545696076120077
2022-03-31 15:02:14,AddressIntel,url,https://accedi-in-app-psd2.com,#phishing,https://twitter.com/AddressIntel/status/1509546619041193986
2022-03-31 15:03:24,ecarlesi,url,https://thegossipfashion.com/?attachment_id=562,#phishing,https://twitter.com/ecarlesi/status/1509546910511554565
2022-03-31 15:03:27,ecarlesi,url,http://kubahpanelmasjid.com/,#phishing,https://twitter.com/ecarlesi/status/1509546923044261888
2022-03-31 15:05:02,HeliosCert,sha256,1a213a9f2bb0984f35bbf43ebc3e34a54fe1347b3130ec51bfd75bc29f93786d,#malware,https://twitter.com/HeliosCert/status/1509547324183355392
2022-03-31 15:05:02,HeliosCert,ip,124.123.40.98,#malware,https://twitter.com/HeliosCert/status/1509547324183355392
2022-03-31 15:09:04,MalwarePatrol,url,https://charah.sharefile.com:443/html/en/upgradebrowser.html,#phishing,https://twitter.com/MalwarePatrol/status/1509548337292353545
2022-03-31 15:10:02,HeliosCert,sha256,8588218e712418d6f910711238c7dc03d8d36ab78690b66dfecd508087fc93f0,#malware,https://twitter.com/HeliosCert/status/1509548582982103049
2022-03-31 15:10:02,HeliosCert,ip,181.115.163.66,#malware,https://twitter.com/HeliosCert/status/1509548582982103049
2022-03-31 15:11:35,ecarlesi,url,https://thegossipfashion.com/?attachment_id=605,#phishing,https://twitter.com/ecarlesi/status/1509548971429347338
2022-03-31 15:16:55,ecarlesi,url,https://validationcontract.com/,#phishing,https://twitter.com/ecarlesi/status/1509550313497370633
2022-03-31 15:20:23,PhishStats,url,http://grup-ciwiciwi-viral759.duckdns.org/,#phishing,https://twitter.com/PhishStats/status/1509551185187033089
2022-03-31 15:20:23,PhishStats,ip,20.127.121.244,#phishing,https://twitter.com/PhishStats/status/1509551185187033089
2022-03-31 15:24:23,ecarlesi,url,http://kubahpanelmasjid.com/index.html,#phishing,https://twitter.com/ecarlesi/status/1509552191387934732
2022-03-31 15:28:49,ecarlesi,url,https://kayrologistics.com/courier.zip,#phishing,https://twitter.com/ecarlesi/status/1509553309429948417
2022-03-31 15:38:59,KesaGataMe0,url,https://www.eki-net.com.566673.com,#phishing,https://twitter.com/KesaGataMe0/status/1509555865174839296
2022-03-31 15:38:59,KesaGataMe0,ip,107.172.140.196,#phishing,https://twitter.com/KesaGataMe0/status/1509555865174839296
2022-03-31 15:38:59,KesaGataMe0,url,https://www.eki-net.com.yxads.com.cn,#phishing,https://twitter.com/KesaGataMe0/status/1509555865174839296
2022-03-31 15:38:59,KesaGataMe0,url,https://www.eki-net.com.fumg.cn,#phishing,https://twitter.com/KesaGataMe0/status/1509555865174839296
2022-03-31 15:38:59,KesaGataMe0,url,https://www.eki-net.com.hixia.cn,#phishing,https://twitter.com/KesaGataMe0/status/1509555865174839296
2022-03-31 15:38:59,KesaGataMe0,url,https://www.eki-net.com.660773.com,#phishing,https://twitter.com/KesaGataMe0/status/1509555865174839296
2022-03-31 15:42:17,ecarlesi,md5,9bf31c7ff062936a96d3c8bd1f8f2ff3,#phishing,https://twitter.com/ecarlesi/status/1509556698389917699
2022-03-31 15:43:04,KesaGataMe0,url,https://amao74.shop/,#phishing,https://twitter.com/KesaGataMe0/status/1509556896294146050
2022-03-31 15:43:04,KesaGataMe0,ip,192.161.179.79,#phishing,https://twitter.com/KesaGataMe0/status/1509556896294146050
2022-03-31 15:44:20,KesaGataMe0,url,https://amao53.shop,#phishing,https://twitter.com/KesaGataMe0/status/1509557214637625353
2022-03-31 15:44:20,KesaGataMe0,url,https://amao33.shop,#phishing,https://twitter.com/KesaGataMe0/status/1509557214637625353
2022-03-31 15:45:02,HeliosCert,sha256,dd1050fec1b43023018c086209a968a90c31790f5d3b8657a1c83c308a0aec23,#malware,https://twitter.com/HeliosCert/status/1509557391041433600
2022-03-31 15:45:02,HeliosCert,ip,189.126.192.170,#malware,https://twitter.com/HeliosCert/status/1509557391041433600
2022-03-31 15:50:02,HeliosCert,sha256,af1e4d31379807a5b415b69cf15bb032ae11324233bbfde46764adc49ce4cbf0,#malware,https://twitter.com/HeliosCert/status/1509558648292454404
2022-03-31 15:50:02,HeliosCert,ip,31.40.22.34,#malware,https://twitter.com/HeliosCert/status/1509558648292454404
2022-03-31 16:00:02,HeliosCert,sha256,24aefa1fed4613907f97ff6c4e6a9376d70ea2c3ea3477d72ea5f1f28bb103cc,#malware,https://twitter.com/HeliosCert/status/1509561162756616194
2022-03-31 16:00:02,HeliosCert,ip,103.239.85.2,#malware,https://twitter.com/HeliosCert/status/1509561162756616194
2022-03-31 16:09:58,k3yp0d,md5,aaeb9678b275c6639d7b2598ce8e708c,#Spring4Shell,https://twitter.com/k3yp0d/status/1509563665644593154
2022-03-31 16:09:58,k3yp0d,sha256,b95017be689384eec9f3800f712ce2b6003893afeac507c7da70330fe75dd216,#Spring4Shell,https://twitter.com/k3yp0d/status/1509563665644593154
2022-03-31 16:18:15,ecarlesi,url,https://walletconnectsyncdapp.com/,#phishing,https://twitter.com/ecarlesi/status/1509565750331293702
2022-03-31 16:20:02,HeliosCert,ip,183.82.112.38,#malware,https://twitter.com/HeliosCert/status/1509566197175627780
2022-03-31 16:20:02,HeliosCert,sha256,9fe47b1bddf2c8fa897918f3bea8ead0604e4d25a54c72473414f5943405b792,#malware,https://twitter.com/HeliosCert/status/1509566197175627780
2022-03-31 16:25:18,smica83,url,https://elmrabet.tn/aspx.php,#phishing,https://twitter.com/smica83/status/1509567523628503043
2022-03-31 16:25:18,smica83,url,https://rifasaltasorte.com.br/otpteleg/signin.php,#phishing,https://twitter.com/smica83/status/1509567523628503043
2022-03-31 16:37:22,AP_Zenmashi,url,https://smbc.co.jp.hgyty.com,#phishing,https://twitter.com/AP_Zenmashi/status/1509570560337928192
2022-03-31 16:51:44,drb_ra,ip,46.101.93.216,#CobaltStrike,https://twitter.com/drb_ra/status/1509574173844250625
2022-03-31 16:51:49,drb_ra,ip,8.142.92.66,#CobaltStrike,https://twitter.com/drb_ra/status/1509574195776266241
2022-03-31 16:52:03,drb_ra,ip,31.12.34.23,#CobaltStrike,https://twitter.com/drb_ra/status/1509574252885946371
2022-03-31 16:52:18,drb_ra,ip,121.5.21.76,#CobaltStrike,https://twitter.com/drb_ra/status/1509574318115667968
2022-03-31 16:52:26,drb_ra,ip,50.93.205.198,#CobaltStrike,https://twitter.com/drb_ra/status/1509574349648449548
2022-03-31 17:00:00,silentpush_labs,domain,poligon-wallet.com,#phishing,https://twitter.com/silentpush_labs/status/1509576255368093701
2022-03-31 17:00:00,silentpush_labs,ip,188.114.97.20,#phishing,https://twitter.com/silentpush_labs/status/1509576255368093701
2022-03-31 17:02:23,AP_Zenmashi,ip,216.127.161.72,#phishing,https://twitter.com/AP_Zenmashi/status/1509576854277361668
2022-03-31 17:02:23,AP_Zenmashi,url,https://eki-net.com.railwaysgroup.shop,#phishing,https://twitter.com/AP_Zenmashi/status/1509576854277361668
2022-03-31 17:06:40,AP_Zenmashi,url,https://aeon-kiss.shop,#phishing,https://twitter.com/AP_Zenmashi/status/1509577931424555023
2022-03-31 17:06:40,AP_Zenmashi,ip,134.122.188.204,#phishing,https://twitter.com/AP_Zenmashi/status/1509577931424555023
2022-03-31 17:09:07,malwrhunterteam,url,http://gotovacoil.com/,,https://twitter.com/malwrhunterteam/status/1509578549535064065
2022-03-31 17:10:02,dnstwist,domain,steamcommunitysupport.com,#phishing,https://twitter.com/dnstwist/status/1509578779601117194
2022-03-31 17:10:02,dnstwist,domain,update-linkedin.com,#phishing,https://twitter.com/dnstwist/status/1509578780557385735
2022-03-31 17:11:10,phishunt_io,url,https://instagram.metacopyrightform.ga/,#phishing #scam,https://twitter.com/phishunt_io/status/1509579065640075270
2022-03-31 17:11:10,phishunt_io,ip,31.31.198.231,#phishing #scam,https://twitter.com/phishunt_io/status/1509579065640075270
2022-03-31 17:24:23,NeonPint,domain,edc.ca,#phishing,https://twitter.com/NeonPint/status/1509582393254064131
2022-03-31 17:24:23,NeonPint,domain,edc-ca.com,#phishing,https://twitter.com/NeonPint/status/1509582393254064131
2022-03-31 17:27:30,malwrhunterteam,sha256,068e674d290aa509d3fdfc9cb46aa63271f958625289207f39c722043fcd6e31,,https://twitter.com/malwrhunterteam/status/1509583177903489025
2022-03-31 17:30:38,ecarlesi,url,https://taxes24.uk/,#phishing,https://twitter.com/ecarlesi/status/1509583965556199424
2022-03-31 17:30:52,ecarlesi,url,https://taxes24.uk/hsbc/index.php?id=476,#phishing,https://twitter.com/ecarlesi/status/1509584023030358064
2022-03-31 17:31:06,ecarlesi,url,https://taxes24.uk/barclays/index.php?id=476,#phishing,https://twitter.com/ecarlesi/status/1509584080358494208
2022-03-31 17:31:20,ecarlesi,url,https://taxes24.uk/santander/index.php?id=476,#phishing,https://twitter.com/ecarlesi/status/1509584139720175616
2022-03-31 17:35:19,ecarlesi,url,https://taxes24.uk/santander/index.php,#phishing,https://twitter.com/ecarlesi/status/1509585141211209728
2022-03-31 17:36:27,AP_Zenmashi,url,https://aeon-tops.shop,#phishing,https://twitter.com/AP_Zenmashi/status/1509585430072549404
2022-03-31 17:37:37,AP_Zenmashi,url,https://amazon.co.jp.vbnc.shop,#phishing,https://twitter.com/AP_Zenmashi/status/1509585723103404051
2022-03-31 17:37:47,FromPorts,ip,179.98.120.205,#malware,https://twitter.com/FromPorts/status/1509585762165133326
2022-03-31 17:37:47,FromPorts,url,https://telefonica.com/,#malware,https://twitter.com/FromPorts/status/1509585762165133326
2022-03-31 17:37:47,FromPorts,ip,201.76.49.38,#malware,https://twitter.com/FromPorts/status/1509585762165133326
2022-03-31 17:38:26,AP_Zenmashi,url,https://amazon.co.jp.mfjn.shop,#phishing,https://twitter.com/AP_Zenmashi/status/1509585925718016001
2022-03-31 17:38:35,ecarlesi,url,https://rescheduling-postal-service.com/,#phishing,https://twitter.com/ecarlesi/status/1509585963323990019
2022-03-31 17:39:22,AP_Zenmashi,url,https://amazon.co.jp.njzkd.shop,#phishing,https://twitter.com/AP_Zenmashi/status/1509586160879767552
2022-03-31 17:41:43,AP_Zenmashi,url,https://suica.fjsjge.com,#phishing,https://twitter.com/AP_Zenmashi/status/1509586755749507075
2022-03-31 17:41:43,AP_Zenmashi,ip,45.59.186.91,#phishing,https://twitter.com/AP_Zenmashi/status/1509586755749507075
2022-03-31 17:42:15,AP_Zenmashi,url,https://suica.goeiws.com,#phishing,https://twitter.com/AP_Zenmashi/status/1509586889191264269
2022-03-31 17:43:01,IronNetTR,url,https://mdgovbeaconpays.us/maryland-loginn/,#phishing,https://twitter.com/IronNetTR/status/1509587081999310855
2022-03-31 17:44:01,AP_Zenmashi,url,https://amao74.shop,#phishing,https://twitter.com/AP_Zenmashi/status/1509587333074489349
2022-03-31 17:44:41,AP_Zenmashi,url,https://kylpceq.cn,#phishing,https://twitter.com/AP_Zenmashi/status/1509587499252809733
2022-03-31 17:44:41,AP_Zenmashi,ip,192.161.59.246,#phishing,https://twitter.com/AP_Zenmashi/status/1509587499252809733
2022-03-31 17:45:18,AP_Zenmashi,url,https://jpqaqmd.cn,#phishing,https://twitter.com/AP_Zenmashi/status/1509587656782782467
2022-03-31 17:46:00,AP_Zenmashi,url,https://nmh0n0jtyi.cn,#phishing,https://twitter.com/AP_Zenmashi/status/1509587833006145539
2022-03-31 17:46:38,AP_Zenmashi,url,https://jlpalzq.cn,#phishing,https://twitter.com/AP_Zenmashi/status/1509587992104812545
2022-03-31 17:47:19,AP_Zenmashi,url,https://vugsnwx.cn,#phishing,https://twitter.com/AP_Zenmashi/status/1509588164171939841
2022-03-31 17:50:54,ecarlesi,url,https://mintedverification.com/en/wallets/index-2.html,#phishing,https://twitter.com/ecarlesi/status/1509589066454552580
2022-03-31 17:54:05,ecarlesi,url,https://testkha.com/admin_panel_code_v2.1.zip,#phishing,https://twitter.com/ecarlesi/status/1509589865930895361
