2022-09-19 01:37:32,AP_Zenmashi,url,https://www.paypay.xicdkv.dsxsoiurtd.ga,#phishing #scam,https://twitter.com/AP_Zenmashi/status/1571674823423832064
2022-09-19 01:38:19,AP_Zenmashi,url,https://rgdfgh.l4gnpcx.cn,#phishing #scam,https://twitter.com/AP_Zenmashi/status/1571675020996530177
2022-09-19 01:39:03,AP_Zenmashi,url,https://edgth.korhxmc.cn,#phishing #scam,https://twitter.com/AP_Zenmashi/status/1571675202521829377
2022-09-19 01:39:20,KesaGataMe0,url,https://siasoavien0.club/,#phishing,https://twitter.com/KesaGataMe0/status/1571675274584158210
2022-09-19 01:39:20,KesaGataMe0,ip,23.94.91.34,#phishing,https://twitter.com/KesaGataMe0/status/1571675274584158210
2022-09-19 01:39:44,AP_Zenmashi,url,https://tryh.gnccwbc.cn,#phishing #scam,https://twitter.com/AP_Zenmashi/status/1571675375297761281
2022-09-19 01:40:28,AP_Zenmashi,url,https://thtgj.w7euw67.cn,#phishing #scam,https://twitter.com/AP_Zenmashi/status/1571675560241434625
2022-09-19 01:41:09,AP_Zenmashi,url,https://rthrfh.yihao682.cn,#phishing #scam,https://twitter.com/AP_Zenmashi/status/1571675731058642952
2022-09-19 01:41:16,KesaGataMe0,ip,23.94.201.21,#phishing,https://twitter.com/KesaGataMe0/status/1571675762570440705
2022-09-19 01:41:16,KesaGataMe0,url,https://sainconcaid7.club,#phishing,https://twitter.com/KesaGataMe0/status/1571675762570440705
2022-09-19 01:41:52,AP_Zenmashi,url,https://fdgeg.h39uwtyg.cn,#phishing #scam,https://twitter.com/AP_Zenmashi/status/1571675912277725185
2022-09-19 01:42:33,AP_Zenmashi,url,https://rhtjh.w6eu6w25.cn,#phishing #scam,https://twitter.com/AP_Zenmashi/status/1571676085334712320
2022-09-19 01:43:20,AP_Zenmashi,url,https://vbgbjn.w7euw30.cn,#phishing #scam,https://twitter.com/AP_Zenmashi/status/1571676282135670787
2022-09-19 01:43:55,KesaGataMe0,url,https://www.eukl-peascoey.icu,#phishing,https://twitter.com/KesaGataMe0/status/1571676428227481600
2022-09-19 01:44:02,AP_Zenmashi,url,https://htyuj.ts3jtrd.cn,#phishing #scam,https://twitter.com/AP_Zenmashi/status/1571676458636152833
2022-09-19 01:44:47,AP_Zenmashi,url,https://rthtgh.w7euw40.cn,#phishing #scam,https://twitter.com/AP_Zenmashi/status/1571676644976496642
2022-09-19 01:45:31,AP_Zenmashi,url,https://ertrtyh.w7euw16.cn,#phishing #scam,https://twitter.com/AP_Zenmashi/status/1571676831329456128
2022-09-19 01:54:55,quicksandphish,url,https://ushuvjfoxi.duckdns.org,#phishing,https://twitter.com/quicksandphish/status/1571679194559684608
2022-09-19 01:55:16,ecarlesi,url,http://x-hxn-fifthbnkteam.site,#phishing,https://twitter.com/ecarlesi/status/1571679283885625351
2022-09-19 01:55:20,ecarlesi,url,http://iwodelvpss.quest,#phishing,https://twitter.com/ecarlesi/status/1571679301417799680
2022-09-19 01:57:56,quicksandphish,url,https://xzvnespyxp.duckdns.org,#phishing,https://twitter.com/quicksandphish/status/1571679954462707713
2022-09-19 01:58:01,ecarlesi,url,http://ver-secure.rent/redirector/rediraction.zip,#phishing,https://twitter.com/ecarlesi/status/1571679978533568512
2022-09-19 01:58:02,ecarlesi,url,http://x-vnk-fifthbnkonline.site/53rd(22).zip,#phishing,https://twitter.com/ecarlesi/status/1571679978990997505
2022-09-19 01:58:36,ecarlesi,url,http://amzn-services.link,#phishing,https://twitter.com/ecarlesi/status/1571680121831948292
2022-09-19 01:58:56,quicksandphish,url,https://rqwjjufltm.duckdns.org,#phishing,https://twitter.com/quicksandphish/status/1571680206125137921
2022-09-19 02:00:45,AP_Zenmashi,url,https://siasoavien0.club,#phishing #scam,https://twitter.com/AP_Zenmashi/status/1571680666332598272
2022-09-19 02:01:01,quicksandphish,url,https://txhansahcu.duckdns.org,#phishing,https://twitter.com/quicksandphish/status/1571680730111160320
2022-09-19 02:01:30,ecarlesi,url,http://lost-devices.online/,#phishing,https://twitter.com/ecarlesi/status/1571680852970721290
2022-09-19 02:02:00,quicksandphish,url,https://uzrfyrwzye.duckdns.org,#phishing,https://twitter.com/quicksandphish/status/1571680980590809088
2022-09-19 02:02:57,quicksandphish,url,https://qfakchjxoo.duckdns.org,#phishing,https://twitter.com/quicksandphish/status/1571681219796152322
2022-09-19 02:03:57,quicksandphish,url,https://pwuqosddwt.duckdns.org,#phishing,https://twitter.com/quicksandphish/status/1571681471412457474
2022-09-19 02:04:58,quicksandphish,url,https://ocretyhujq.duckdns.org,#phishing,https://twitter.com/quicksandphish/status/1571681726681972736
2022-09-19 02:05:08,ecarlesi,url,https://netflix-support-abonnement.fr,#phishing,https://twitter.com/ecarlesi/status/1571681766578212864
2022-09-19 02:05:35,ecarlesi,url,http://spiritualforum.club/wordpress-6.0.2-en_gb%20(1).zip,#phishing,https://twitter.com/ecarlesi/status/1571681882286211073
2022-09-19 02:05:37,ecarlesi,url,https://espace-sante-ameli.fr,#phishing,https://twitter.com/ecarlesi/status/1571681888300843010
2022-09-19 02:05:40,ecarlesi,url,https://infosant-assur.fr,#phishing,https://twitter.com/ecarlesi/status/1571681903517868042
2022-09-19 02:05:59,quicksandphish,url,https://zfepguvpft.duckdns.org,#phishing,https://twitter.com/quicksandphish/status/1571681982471614465
2022-09-19 02:06:33,ecarlesi,url,http://europecargox.online/europecargox.zip,#phishing,https://twitter.com/ecarlesi/status/1571682125937623041
2022-09-19 02:07:01,quicksandphish,url,https://zzltoqafgi.duckdns.org,#phishing,https://twitter.com/quicksandphish/status/1571682242795294724
2022-09-19 02:08:06,ecarlesi,url,http://info-confirmation.services,#phishing,https://twitter.com/ecarlesi/status/1571682513629716480
2022-09-19 02:08:22,ecarlesi,url,https://lost-devices.online/,#phishing,https://twitter.com/ecarlesi/status/1571682580151373831
2022-09-19 02:08:46,ecarlesi,url,https://x-vnk-fifthbnkonline.site/53rd(22).zip,#phishing,https://twitter.com/ecarlesi/status/1571682683264065538
2022-09-19 02:09:31,ecarlesi,url,https://mon-assurancemaladie.fr,#phishing,https://twitter.com/ecarlesi/status/1571682868736462854
2022-09-19 02:31:03,AP_Zenmashi,url,https://mikamicocred.buzz,#phishing #scam,https://twitter.com/AP_Zenmashi/status/1571688288720916482
2022-09-19 02:31:03,AP_Zenmashi,ip,155.94.184.213,#phishing #scam,https://twitter.com/AP_Zenmashi/status/1571688288720916482
2022-09-19 02:31:33,AP_Zenmashi,url,https://mimycoredmin.xyz,#phishing #scam,https://twitter.com/AP_Zenmashi/status/1571688416416505859
2022-09-19 02:32:03,AP_Zenmashi,url,https://mimycoredin.xyz,#phishing #scam,https://twitter.com/AP_Zenmashi/status/1571688541721341953
2022-09-19 02:32:34,AP_Zenmashi,url,https://mikamincrd.buzz,#phishing #scam,https://twitter.com/AP_Zenmashi/status/1571688670041886721
2022-09-19 02:32:41,ecarlesi,url,https://digitalabnbcuonline.quest/-org/data/,#phishing,https://twitter.com/ecarlesi/status/1571688699162927106
2022-09-19 02:32:56,ecarlesi,url,http://urlxs.xyz/adlinkfly.zip,#phishing,https://twitter.com/ecarlesi/status/1571688762807025666
2022-09-19 02:33:13,ecarlesi,url,http://urlxs.xyz/src/controller/,#phishing,https://twitter.com/ecarlesi/status/1571688835804692480
2022-09-19 02:33:13,AP_Zenmashi,url,https://mikamincred.buzz,#phishing #scam,https://twitter.com/AP_Zenmashi/status/1571688833842024449
2022-09-19 02:33:36,ecarlesi,url,http://urlxs.xyz/src/template/,#phishing,https://twitter.com/ecarlesi/status/1571688931590131714
2022-09-19 02:33:48,AP_Zenmashi,url,https://mimycoredmin.top,#phishing #scam,https://twitter.com/AP_Zenmashi/status/1571688981561249797
2022-09-19 02:33:51,ecarlesi,url,http://urlxs.xyz/vendor/socialconnect/,#phishing,https://twitter.com/ecarlesi/status/1571688995595206656
2022-09-19 02:34:00,ecarlesi,url,http://urlxs.xyz/src/controller/?nd,#phishing,https://twitter.com/ecarlesi/status/1571689031326437377
2022-09-19 02:34:12,ecarlesi,url,https://luckymallindia.online/luckymallindia.apk,#malware,https://twitter.com/ecarlesi/status/1571689082509721600
2022-09-19 02:34:23,AP_Zenmashi,url,https://mimycoredin.buzz,#phishing #scam,https://twitter.com/AP_Zenmashi/status/1571689126981959681
2022-09-19 02:34:58,AP_Zenmashi,url,https://mimycoredinfu.buzz,#phishing #scam,https://twitter.com/AP_Zenmashi/status/1571689274902446082
2022-09-19 02:35:36,AP_Zenmashi,url,https://onamae-vps.mwsdwd.com,#phishing #scam,https://twitter.com/AP_Zenmashi/status/1571689434697076738
2022-09-19 02:35:36,AP_Zenmashi,ip,115.144.69.112,#phishing #scam,https://twitter.com/AP_Zenmashi/status/1571689434697076738
2022-09-19 02:36:26,AP_Zenmashi,ip,149.57.147.129,#phishing #scam,https://twitter.com/AP_Zenmashi/status/1571689646622646272
2022-09-19 02:36:26,AP_Zenmashi,url,https://salsnocaerb.info,#phishing #scam,https://twitter.com/AP_Zenmashi/status/1571689646622646272
2022-09-19 02:48:27,KesaGataMe0,url,https://smbc.co.jp.overlord.lol/jp,#phishing,https://twitter.com/KesaGataMe0/status/1571692669306535936
2022-09-19 02:48:27,KesaGataMe0,url,https://smbc.co.jp.smbc.pro/jp,#phishing,https://twitter.com/KesaGataMe0/status/1571692669306535936
2022-09-19 02:48:27,KesaGataMe0,ip,155.94.151.150,#phishing,https://twitter.com/KesaGataMe0/status/1571692669306535936
2022-09-19 02:52:53,KesaGataMe0,ip,155.94.141.247,#phishing,https://twitter.com/KesaGataMe0/status/1571693783666028546
2022-09-19 02:52:53,KesaGataMe0,url,https://www.itspecgroup.com,#phishing,https://twitter.com/KesaGataMe0/status/1571693783666028546
2022-09-19 02:52:53,KesaGataMe0,url,https://www.craighennessey.com,#phishing,https://twitter.com/KesaGataMe0/status/1571693783666028546
2022-09-19 02:55:16,KesaGataMe0,url,https://yahoo-jp.xsscrm.com,#phishing,https://twitter.com/KesaGataMe0/status/1571694385053700096
2022-09-19 02:55:16,KesaGataMe0,url,https://yahoo-jp.dnvccn.cn,#phishing,https://twitter.com/KesaGataMe0/status/1571694385053700096
2022-09-19 02:55:16,KesaGataMe0,url,https://yahoo-jp.wifionoff.com,#phishing,https://twitter.com/KesaGataMe0/status/1571694385053700096
2022-09-19 02:55:16,KesaGataMe0,url,https://yahoo-jp.ewefg.cn,#phishing,https://twitter.com/KesaGataMe0/status/1571694385053700096
2022-09-19 02:55:16,KesaGataMe0,ip,148.66.5.62,#phishing,https://twitter.com/KesaGataMe0/status/1571694385053700096
2022-09-19 02:59:11,ecarlesi,url,http://zekynetwork.xyz/htdocs.rar,#phishing,https://twitter.com/ecarlesi/status/1571695368890368000
2022-09-19 03:00:59,AP_Zenmashi,url,https://www.paypay.2wui0y.dsxsoiurtd.tk,#phishing #scam,https://twitter.com/AP_Zenmashi/status/1571695821456019457
2022-09-19 03:04:54,KesaGataMe0,url,https://www.worgor-sh.com/jp.php,#phishing,https://twitter.com/KesaGataMe0/status/1571696809961197570
2022-09-19 03:04:54,KesaGataMe0,url,https://www.zjjklyb.com/jp.php,#phishing,https://twitter.com/KesaGataMe0/status/1571696809961197570
2022-09-19 03:04:54,KesaGataMe0,url,https://www.byglmglrhg.com/jp.php,#phishing,https://twitter.com/KesaGataMe0/status/1571696809961197570
2022-09-19 03:04:54,KesaGataMe0,url,https://www.sexytitty.com/jp.php,#phishing,https://twitter.com/KesaGataMe0/status/1571696809961197570
2022-09-19 03:04:54,KesaGataMe0,ip,104.129.5.76,#phishing,https://twitter.com/KesaGataMe0/status/1571696809961197570
2022-09-19 03:05:58,quicksandphish,url,https://anqudlwsbp.duckdns.org,#phishing,https://twitter.com/quicksandphish/status/1571697077373267969
2022-09-19 03:06:23,KesaGataMe0,ip,207.154.215.101,#phishing,https://twitter.com/KesaGataMe0/status/1571697183312982016
2022-09-19 03:06:23,KesaGataMe0,url,https://www.etdc-etc.co.jp-fadein.anyang.xin/jp,#phishing,https://twitter.com/KesaGataMe0/status/1571697183312982016
2022-09-19 03:07:52,KesaGataMe0,ip,172.86.126.9,#phishing,https://twitter.com/KesaGataMe0/status/1571697554777329667
2022-09-19 03:10:36,ecarlesi,url,http://debugbyte.org/,#phishing,https://twitter.com/ecarlesi/status/1571698242148241409
2022-09-19 03:10:57,ecarlesi,url,https://viatrading.store,#phishing,https://twitter.com/ecarlesi/status/1571698332891860992
2022-09-19 03:12:21,ecarlesi,url,http://cpaminfo.pro,#phishing,https://twitter.com/ecarlesi/status/1571698682826817536
2022-09-19 03:14:27,ecarlesi,url,http://mainresolvequest.homes/,#phishing,https://twitter.com/ecarlesi/status/1571699212433371136
2022-09-19 03:18:53,KesaGataMe0,url,https://esaok-pos.3utilities.com,#phishing,https://twitter.com/KesaGataMe0/status/1571700328097251328
2022-09-19 03:18:53,KesaGataMe0,url,https://eosik-pos.3utilities.com,#phishing,https://twitter.com/KesaGataMe0/status/1571700328097251328
2022-09-19 03:18:53,KesaGataMe0,ip,34.92.240.25,#phishing,https://twitter.com/KesaGataMe0/status/1571700328097251328
2022-09-19 03:18:53,KesaGataMe0,url,https://eposdk-a.ddns.net,#phishing,https://twitter.com/KesaGataMe0/status/1571700328097251328
2022-09-19 03:18:53,KesaGataMe0,url,https://eopodsm-a.3utilities.com,#phishing,https://twitter.com/KesaGataMe0/status/1571700328097251328
2022-09-19 03:18:53,KesaGataMe0,url,https://damowan.3utilities.com,#phishing,https://twitter.com/KesaGataMe0/status/1571700328097251328
2022-09-19 03:24:07,KesaGataMe0,url,https://www.etdc-etc.co.jp-timaop.cangzhou.xin/jp,#phishing,https://twitter.com/KesaGataMe0/status/1571701643649101824
2022-09-19 03:24:07,KesaGataMe0,ip,142.93.105.253,#phishing,https://twitter.com/KesaGataMe0/status/1571701643649101824
2022-09-19 03:24:53,ecarlesi,url,https://server-13-collab.land,#phishing,https://twitter.com/ecarlesi/status/1571701835592867840
2022-09-19 03:26:29,KesaGataMe0,url,https://www.etdc-etc.co.jp-rumasd.dandong.xin/jp,#phishing,https://twitter.com/KesaGataMe0/status/1571702238741147650
2022-09-19 03:26:29,KesaGataMe0,ip,138.68.155.102,#phishing,https://twitter.com/KesaGataMe0/status/1571702238741147650
2022-09-19 03:29:55,KesaGataMe0,ip,202.146.220.157,#phishing,https://twitter.com/KesaGataMe0/status/1571703104147697666
2022-09-19 03:29:55,KesaGataMe0,url,https://www.eki-jp.colorfulsworld.com/jp,#phishing,https://twitter.com/KesaGataMe0/status/1571703104147697666
2022-09-19 03:30:53,AP_Zenmashi,url,https://perintzua.trasdx.info,#phishing #scam,https://twitter.com/AP_Zenmashi/status/1571703345336946688
2022-09-19 03:30:53,AP_Zenmashi,ip,155.94.151.206,#phishing #scam,https://twitter.com/AP_Zenmashi/status/1571703345336946688
2022-09-19 03:31:22,Quandadon2000,url,https://t.me/+mwahy4b3pjvmotgx,#scam,https://twitter.com/Quandadon2000/status/1571703467873390594
2022-09-19 03:31:38,KesaGataMe0,url,https://uf53gdhg.club,#phishing,https://twitter.com/KesaGataMe0/status/1571703535779336193
2022-09-19 03:31:38,KesaGataMe0,url,https://gae42kblkd.club,#phishing,https://twitter.com/KesaGataMe0/status/1571703535779336193
2022-09-19 03:31:38,KesaGataMe0,url,https://tsghdf53gf.club,#phishing,https://twitter.com/KesaGataMe0/status/1571703535779336193
2022-09-19 03:31:38,KesaGataMe0,url,https://dutydgh53fghd.club,#phishing,https://twitter.com/KesaGataMe0/status/1571703535779336193
2022-09-19 03:31:38,KesaGataMe0,ip,23.95.107.239,#phishing,https://twitter.com/KesaGataMe0/status/1571703535779336193
2022-09-19 03:34:51,ecarlesi,url,https://amazon-services.link,#phishing,https://twitter.com/ecarlesi/status/1571704345388875776
2022-09-19 03:37:21,harugasumi,url,https://onamae-vps.mwsdwd.com/,#phishing,https://twitter.com/harugasumi/status/1571704974517899266
2022-09-19 03:37:21,harugasumi,ip,115.144.69.42,#phishing,https://twitter.com/harugasumi/status/1571704974517899266
2022-09-19 03:48:08,harugasumi,url,https://metamaski.cc/,#phishing,https://twitter.com/harugasumi/status/1571707688303890434
2022-09-19 03:53:47,PhishStats,url,http://www.swancommunications.com/,#phishing,https://twitter.com/PhishStats/status/1571709110810300418
2022-09-19 03:53:47,PhishStats,ip,66.84.30.17,#phishing,https://twitter.com/PhishStats/status/1571709110810300418
2022-09-19 04:04:44,ecarlesi,url,https://qieoas.com,#phishing,https://twitter.com/ecarlesi/status/1571711864496852993
2022-09-19 04:05:31,AP_Zenmashi,url,https://www.jhgy3d.com,#phishing #scam,https://twitter.com/AP_Zenmashi/status/1571712063197839363
2022-09-19 04:08:00,quicksandphish,url,https://salsnocaerb.info/checkcard.php,#phishing,https://twitter.com/quicksandphish/status/1571712690015588352
2022-09-19 04:18:10,ecarlesi,url,http://yearin.finance,#phishing,https://twitter.com/ecarlesi/status/1571715246435500035
2022-09-19 04:18:52,ecarlesi,url,http://zedops.store,#phishing,https://twitter.com/ecarlesi/status/1571715423573520384
2022-09-19 04:25:37,ecarlesi,url,https://kaskosigortam.online/sigorta/tamamlayici-saglik-sigortasi.php,#phishing,https://twitter.com/ecarlesi/status/1571717120899031042
2022-09-19 04:26:25,ecarlesi,url,https://kaskosigortam.online/sigorta/ozel-saglik-sigortasi.php,#phishing,https://twitter.com/ecarlesi/status/1571717323362385920
2022-09-19 04:27:52,ecarlesi,url,https://kaskosigortam.online/sigorta/dask-sigortasi.php,#phishing,https://twitter.com/ecarlesi/status/1571717686828187648
2022-09-19 04:28:55,quicksandphish,url,https://web.ib.mizuhobankz.japan-servlet.com/client/index.php,#phishing,https://twitter.com/quicksandphish/status/1571717950675222528
2022-09-19 04:29:21,ecarlesi,url,https://kaskosigortam.online/sigorta/trafik-cezalari.php,#phishing,https://twitter.com/ecarlesi/status/1571718062247915521
2022-09-19 05:01:33,AP_Zenmashi,url,https://epoe-noyte.3utilities.com,#phishing #scam,https://twitter.com/AP_Zenmashi/status/1571726164775022594
2022-09-19 05:04:54,AP_Zenmashi,url,https://eposadmin-net.3utilities.com,#phishing #scam,https://twitter.com/AP_Zenmashi/status/1571727008828370944
2022-09-19 05:05:00,ecarlesi,url,https://webhostingsup.net,#phishing,https://twitter.com/ecarlesi/status/1571727033713168386
2022-09-19 05:06:14,AP_Zenmashi,url,https://www.paypay.y8pzx2.sfasfjkxc.gq,#phishing #scam,https://twitter.com/AP_Zenmashi/status/1571727341705121793
2022-09-19 05:10:43,harugasumi,url,http://52.194.238.71/,#phishing,https://twitter.com/harugasumi/status/1571728470732046339
2022-09-19 05:10:43,harugasumi,ip,52.194.238.71,#phishing,https://twitter.com/harugasumi/status/1571728470732046339
2022-09-19 05:10:56,ecarlesi,url,https://renouvellement-carte-ameli.info,#phishing,https://twitter.com/ecarlesi/status/1571728527753461760
2022-09-19 05:14:12,ecarlesi,url,http://cpam-maladie-ameli.info,#phishing,https://twitter.com/ecarlesi/status/1571729347094151168
2022-09-19 05:15:38,harugasumi,url,https://amaonzw-k.ddns.net/,#phishing,https://twitter.com/harugasumi/status/1571729709385527297
2022-09-19 05:16:40,jksm0806,url,https://virussamples.comenterprise,#malware,https://twitter.com/jksm0806/status/1571729969675665408
2022-09-19 05:17:34,ecarlesi,url,http://moneyhubservice.net,#phishing,https://twitter.com/ecarlesi/status/1571730196847562753
2022-09-19 05:18:55,ecarlesi,url,http://ma-rubrique-ameli.net,#phishing,https://twitter.com/ecarlesi/status/1571730532769177601
2022-09-19 05:24:43,harugasumi,url,https://waicuydl.cn/member/login.php?aid=net-service,#phishing,https://twitter.com/harugasumi/status/1571731995667091457
2022-09-19 05:27:54,quicksandphish,url,https://nesuvicxjl.duckdns.org,#phishing,https://twitter.com/quicksandphish/status/1571732795311136771
2022-09-19 05:36:00,harugasumi,url,https://www.worgor-sh.com//jp.php,#phishing,https://twitter.com/harugasumi/status/1571734834938253312
2022-09-19 05:55:05,ecarlesi,url,https://trystusa.xyz,#phishing,https://twitter.com/ecarlesi/status/1571739636585885697
2022-09-19 05:58:56,quicksandphish,url,https://mdgpiyalgc.duckdns.org,#phishing,https://twitter.com/quicksandphish/status/1571740607202332672
2022-09-19 06:03:06,harugasumi,url,https://www.etdc-etc.co.jp-kuange.huangshi.xin/jp,#phishing,https://twitter.com/harugasumi/status/1571741655442812936
2022-09-19 06:03:30,ecarlesi,url,http://uspsrh.com,#phishing,https://twitter.com/ecarlesi/status/1571741755095273474
2022-09-19 06:08:12,harugasumi,url,https://mvszpqyc.cn,#phishing,https://twitter.com/harugasumi/status/1571742936139960321
2022-09-19 06:21:14,phishunt_io,url,https://instagram.newsarticleblog.com/,#phishing #scam,https://twitter.com/phishunt_io/status/1571746216882622471
2022-09-19 06:21:14,phishunt_io,ip,185.199.110.153,#phishing #scam,https://twitter.com/phishunt_io/status/1571746216882622471
2022-09-19 06:24:52,quicksandphish,url,https://web.ib.mizuhobankz.japan-servlet.com/client/index_sp.php,#phishing,https://twitter.com/quicksandphish/status/1571747132457234432
2022-09-19 06:28:19,ecarlesi,url,https://bancaevobanca.com/,#phishing,https://twitter.com/ecarlesi/status/1571748001684783105
2022-09-19 06:31:44,ecarlesi,url,https://bestracker.online/eaas.html,#phishing,https://twitter.com/ecarlesi/status/1571748858585292800
2022-09-19 06:31:57,harugasumi,url,https://secusxrity-admin.onedumb.com/,#phishing,https://twitter.com/harugasumi/status/1571748914101092355
2022-09-19 06:31:57,harugasumi,url,https://still-hall-1550.5h5tn8xz.workers.dev/,#phishing,https://twitter.com/harugasumi/status/1571748914101092355
2022-09-19 06:36:37,PhishStats,url,http://appissueresolve.com/,#phishing,https://twitter.com/PhishStats/status/1571750087617019904
2022-09-19 06:36:37,PhishStats,ip,176.123.0.55,#phishing,https://twitter.com/PhishStats/status/1571750087617019904
2022-09-19 06:43:25,harugasumi,url,https://additioxxna-admin.sexidude.com/,#phishing,https://twitter.com/harugasumi/status/1571751800080052224
2022-09-19 06:43:25,harugasumi,url,https://tiny-feather-0e10.o80s10vg435.workers.dev/,#phishing,https://twitter.com/harugasumi/status/1571751800080052224
2022-09-19 06:52:38,KesaGataMe0,url,http://smbc-card.absorar.cf,#phishing,https://twitter.com/KesaGataMe0/status/1571754119588900864
2022-09-19 06:54:24,KesaGataMe0,ip,172.86.125.94,#phishing,https://twitter.com/KesaGataMe0/status/1571754563329486848
2022-09-19 06:54:24,KesaGataMe0,url,https://nta-b.com,#phishing,https://twitter.com/KesaGataMe0/status/1571754563329486848
2022-09-19 06:56:48,ecarlesi,url,https://cryptoppartnership.com/,#phishing,https://twitter.com/ecarlesi/status/1571755168043073536
2022-09-19 06:57:53,ecarlesi,url,https://cryptoppartnership.com/index.html,#phishing,https://twitter.com/ecarlesi/status/1571755441717133313
2022-09-19 06:57:56,harugasumi,url,https://contssent-adminss.wikaba.com/,#phishing,https://twitter.com/harugasumi/status/1571755454686171138
2022-09-19 06:58:35,ecarlesi,url,http://v3rifynow.info,#phishing,https://twitter.com/ecarlesi/status/1571755616762314753
2022-09-19 07:01:44,KesaGataMe0,ip,194.41.59.161,#phishing,https://twitter.com/KesaGataMe0/status/1571756411511771136
2022-09-19 07:01:44,KesaGataMe0,url,https://cnmdcjbcenter.xyz,#phishing,https://twitter.com/KesaGataMe0/status/1571756411511771136
2022-09-19 07:01:44,KesaGataMe0,url,https://cnmdcjb.xyz,#phishing,https://twitter.com/KesaGataMe0/status/1571756411511771136
2022-09-19 07:01:44,KesaGataMe0,url,https://cnmdcjb.club,#phishing,https://twitter.com/KesaGataMe0/status/1571756411511771136
2022-09-19 07:02:57,quicksandphish,url,https://hfrxlokswf.duckdns.org,#phishing,https://twitter.com/quicksandphish/status/1571756713887543297
2022-09-19 07:03:42,KesaGataMe0,url,https://opwj3k2lc.club,#phishing,https://twitter.com/KesaGataMe0/status/1571756904174743553
2022-09-19 07:03:42,KesaGataMe0,ip,107.174.78.135,#phishing,https://twitter.com/KesaGataMe0/status/1571756904174743553
2022-09-19 07:03:42,KesaGataMe0,url,https://aoirhcvjl2k3d.club,#phishing,https://twitter.com/KesaGataMe0/status/1571756904174743553
2022-09-19 07:03:42,KesaGataMe0,url,https://etchkcair42k.club,#phishing,https://twitter.com/KesaGataMe0/status/1571756904174743553
2022-09-19 07:03:42,KesaGataMe0,url,https://wercmbl2k3h.club,#phishing,https://twitter.com/KesaGataMe0/status/1571756904174743553
2022-09-19 07:03:52,IM_23pds,domain,metascannft.xyz,,https://twitter.com/IM_23pds/status/1571756946524639235
2022-09-19 07:03:56,quicksandphish,url,https://mcteycoxld.duckdns.org,#phishing,https://twitter.com/quicksandphish/status/1571756964803411973
2022-09-19 07:04:57,quicksandphish,url,https://rafkonfcxp.duckdns.org,#phishing,https://twitter.com/quicksandphish/status/1571757218328096768
2022-09-19 07:05:51,harugasumi,url,https://securitsy-admins.onedumb.com/,#phishing,https://twitter.com/harugasumi/status/1571757444799533056
2022-09-19 07:11:47,KesaGataMe0,url,https://eki-net.ceomw.buzz,#phishing,https://twitter.com/KesaGataMe0/status/1571758940110884866
2022-09-19 07:11:47,KesaGataMe0,url,https://eki-net.moosu.buzz,#phishing,https://twitter.com/KesaGataMe0/status/1571758940110884866
2022-09-19 07:11:47,KesaGataMe0,ip,155.94.146.56,#phishing,https://twitter.com/KesaGataMe0/status/1571758940110884866
2022-09-19 07:13:13,KesaGataMe0,url,https://www.greadedu.com/jp,#phishing,https://twitter.com/KesaGataMe0/status/1571759300670009344
2022-09-19 07:13:13,KesaGataMe0,url,https://www.excelcashflowz.com/jp,#phishing,https://twitter.com/KesaGataMe0/status/1571759300670009344
2022-09-19 07:17:08,KesaGataMe0,url,https://eki-net.metameta3.com/,#phishing,https://twitter.com/KesaGataMe0/status/1571760285358379008
2022-09-19 07:17:08,KesaGataMe0,ip,50.115.173.77,#phishing,https://twitter.com/KesaGataMe0/status/1571760285358379008
2022-09-19 07:20:06,CatcherPhishing,url,http://support-io.netlify.app,#phishing,https://twitter.com/CatcherPhishing/status/1571761033403826176
2022-09-19 07:25:32,CatcherPhishing,url,https://debugapp.net,#phishing,https://twitter.com/CatcherPhishing/status/1571762400121978881
2022-09-19 07:26:06,ecarlesi,url,https://cvitale-ameli-support.com,#phishing,https://twitter.com/ecarlesi/status/1571762541449314305
2022-09-19 07:29:06,quicksandphish,url,https://web.iib.mizuhobanka-jp.com/client/index.php,#phishing,https://twitter.com/quicksandphish/status/1571763298470883329
2022-09-19 07:29:32,harugasumi,url,https://acid.za535.cn/,#phishing,https://twitter.com/harugasumi/status/1571763405689856000
2022-09-19 07:29:32,harugasumi,url,https://shrug.kh87w1j.cn/marble,#phishing,https://twitter.com/harugasumi/status/1571763405689856000
2022-09-19 07:35:57,ecarlesi,url,http://netflixindonesian.com,#phishing,https://twitter.com/ecarlesi/status/1571765021167812609
2022-09-19 07:38:40,ecarlesi,url,http://vibvayvn.com,#phishing,https://twitter.com/ecarlesi/status/1571765705111998467
2022-09-19 07:40:06,ecarlesi,url,https://tccbmtrhazinegovtrtr044033.com/,#phishing,https://twitter.com/ecarlesi/status/1571766064064741377
2022-09-19 07:40:08,ecarlesi,url,https://tccbmtrhazinegovtrtr00900.com/,#phishing,https://twitter.com/ecarlesi/status/1571766073778634754
2022-09-19 07:40:09,ecarlesi,url,http://tccbmtrhazinetrislerigovtr009834.com/,#phishing,https://twitter.com/ecarlesi/status/1571766075515338755
2022-09-19 07:40:16,ecarlesi,url,http://hoikuenmap.com,#phishing,https://twitter.com/ecarlesi/status/1571766105106006016
2022-09-19 07:41:34,illegalFawn,url,https://amazingtipis.co.uk/varo,#phishing,https://twitter.com/illegalFawn/status/1571766432936910848
2022-09-19 07:44:13,harugasumi,url,https://z2tkui.cn/,#phishing,https://twitter.com/harugasumi/status/1571767101911863296
2022-09-19 07:48:53,harugasumi,url,https://amonaw-do.3utilities.com/,#phishing,https://twitter.com/harugasumi/status/1571768276337987586
